,Name,Negative,Neutral,Positive,Compound
0,10 Things I Hate About You,0.092,0.776,0.132,1.0
1,17 Again,0.096,0.787,0.117,0.9999
2,500 Days of Summer,0.101,0.741,0.158,1.0
3,"Adjustment Bureau, The",0.079,0.827,0.094,0.9999
4,"Adventures of Buckaroo Banzai Across the Eighth Dimension, The",0.099,0.798,0.104,0.9981
5,Airplane,0.076,0.822,0.102,1.0
6,Almost Famous,0.0,0.827,0.173,0.7096
7,"American President, The",0.079,0.795,0.127,1.0
8,American Werewolf in London,0.141,0.756,0.102,-1.0
9,Amour,0.082,0.799,0.119,1.0
10,Angel Eyes,0.098,0.785,0.117,1.0
11,Annie Hall,0.094,0.75,0.156,1.0
12,"Artist, The",0.08,0.808,0.112,1.0
13,As Good As It Gets,0.102,0.746,0.152,1.0
14,Autumn in New York,0.095,0.751,0.154,1.0
15,"Back up Plan, The",0.084,0.785,0.131,1.0
16,Barry Lyndon,0.1,0.738,0.162,1.0
17,"Battle of Shaker Heights, The",0.088,0.8,0.112,0.9999
18,Beginners,0.087,0.783,0.13,1.0
19,Belle,0.1,0.78,0.12,1.0
20,"Big Blue, The",0.076,0.792,0.132,1.0
21,"Big Sick, The",0.089,0.768,0.143,1.0
22,Birdman,0.109,0.77,0.121,0.9998
23,"Birds, The",0.08,0.831,0.089,0.9998
24,Birthday Girl,0.081,0.82,0.098,0.9999
25,"Blast from the Past, The",0.0,1.0,0.0,0.0
26,Blue Valentine,0.064,0.836,0.099,1.0
27,Body of Evidence,0.111,0.781,0.108,-0.7828
28,Bodyguard,0.076,0.816,0.108,1.0
29,Bonnie and Clyde,0.102,0.789,0.109,0.9997
30,"Bounty Hunter, The",0.106,0.771,0.123,0.9999
31,Broadcast News,0.0,0.813,0.187,0.7096
32,Broken Embraces,0.087,0.81,0.103,1.0
33,"Brothers Bloom, The",0.094,0.801,0.105,0.9998
34,Bruce Almighty,0.065,0.717,0.217,1.0
35,Bull Durham,0.159,0.721,0.119,-1.0
36,Burlesque,0.076,0.802,0.122,1.0
37,Burning Annie,0.096,0.76,0.144,1.0
38,Charade,0.079,0.833,0.088,0.9999
39,Chasing Amy,0.11,0.768,0.122,0.9998
40,"Cider House Rules, The",0.082,0.797,0.121,1.0
41,Cinema Paradiso,0.088,0.797,0.115,1.0
42,Clueless,1.0,0.0,0.0,-0.3612
43,Cold Mountain,0.103,0.804,0.093,-0.9999
44,Color of Night,0.094,0.79,0.116,1.0
45,"Cooler, The",0.1,0.78,0.12,0.9999
46,Crash,0.087,0.834,0.079,-0.9987
47,"Crazy, Stupid, Love",0.093,0.747,0.16,1.0
48,Crazylove,0.07,0.801,0.129,1.0
49,"Crouching Tiger, Hidden Dragon",0.11,0.787,0.104,-0.9988
50,"Crow, The",0.132,0.78,0.088,-1.0
51,Cruel Intentions,0.11,0.745,0.145,1.0
52,Crying Game,0.086,0.809,0.105,0.9999
53,"Curious Case of Benjamin Button, The",0.066,0.829,0.105,1.0
54,"Danish Girl, The",0.09,0.762,0.148,1.0
55,Date Night,0.076,0.814,0.11,1.0
56,Deception,0.088,0.803,0.108,1.0
57,Easy A,0.114,0.741,0.145,1.0
58,Edward Scissorhands,0.092,0.749,0.159,1.0
59,"English Patient, The",0.0,0.0,0.0,0.0
60,Eternal Sunshine of the Spotless Mind,0.099,0.769,0.132,1.0
61,Even Cowgirls Get the Blues,0.089,0.792,0.119,1.0
62,Extract,0.103,0.769,0.128,0.9999
63,"Fabulous Baker Boys, The",0.071,0.805,0.124,1.0
64,"Family Man, The",0.059,0.803,0.138,1.0
65,"Fault in Our Stars, The",0.103,0.747,0.15,1.0
66,"Fifth Element, The",0.1,0.77,0.13,1.0
67,Frankenstein,0.0,0.0,0.0,0.0
68,From Here to Eternity,0.087,0.805,0.108,1.0
69,Garden State,0.097,0.766,0.137,1.0
70,Ghost,0.121,0.773,0.106,-0.9999
71,"Graduate, The",0.057,0.84,0.103,1.0
72,Grand Hotel,0.092,0.776,0.133,1.0
73,"Great Gatsby, The",0.096,0.776,0.128,1.0
74,Grosse Point Blank,0.084,0.812,0.104,0.9999
75,Groundhog Day,0.083,0.798,0.119,1.0
76,Hall Pass,0.074,0.778,0.149,1.0
77,Hannah and Her Sisters,0.078,0.782,0.14,1.0
78,Hard to Kill,0.105,0.801,0.093,-0.9999
79,He's Just Not That Into You,0.06,0.777,0.163,1.0
80,Heavenly Creatures,0.092,0.793,0.115,1.0
81,Her,0.091,0.731,0.178,1.0
82,High Fidelity,0.238,0.644,0.119,-1.0
83,His Girl Friday,0.077,0.818,0.105,1.0
84,"Horse Whisperer, The",0.065,0.755,0.18,1.0
85,"Hudsucker Proxy, The",0.079,0.799,0.122,1.0
86,I Love You Phillip Morris,0.098,0.761,0.142,1.0
87,Intolerable Cruelty,0.087,0.767,0.146,1.0
88,Inventing the Abbotts,0.083,0.816,0.101,0.9999
89,It's a Wonderful Life,0.067,0.815,0.119,1.0
90,It's Complicated,0.062,0.784,0.154,1.0
91,It Happened One Night,0.08,0.801,0.119,1.0
92,Jane Eyre,0.109,0.761,0.13,1.0
93,Jerry Maguire,0.085,0.771,0.144,1.0
94,Juno,0.076,0.78,0.144,1.0
95,Kill Your Darlings,0.11,0.801,0.089,-0.9999
96,Knocked Up,0.089,0.737,0.174,1.0
97,Labor of Love,0.096,0.8,0.104,0.9999
98,Larry Crowne,0.07,0.812,0.117,1.0
99,Last Chance Harvey,0.066,0.775,0.159,1.0
100,"Last of the Mohicans, The",0.119,0.799,0.082,-1.0
101,Last Tango in Paris,0.105,0.78,0.115,0.9997
102,Leaving Las Vegas,0.0,1.0,0.0,0.0
103,Legend,0.145,0.714,0.142,0.9996
104,Les Miserables,0.113,0.78,0.108,-0.9989
105,"Little Mermaid, The",0.107,0.739,0.154,0.9999
106,Lost in Translation,0.072,0.792,0.136,1.0
107,Love and Basketball,0.086,0.79,0.124,1.0
108,"Majestic, The (The Bijou)",0.071,0.799,0.13,1.0
109,Man Trouble,0.094,0.81,0.096,-0.9933
110,Marty,0.067,0.839,0.094,0.9999
111,"Mask, The",0.092,0.791,0.117,1.0
112,Meet Joe Black,0.073,0.78,0.146,1.0
113,Midnight in Paris,0.076,0.744,0.18,1.0
114,Monte Carlo,0.056,0.813,0.131,1.0
115,Moonrise Kingdom,0.085,0.844,0.07,-0.9999
116,Moonstruck,0.075,0.803,0.122,1.0
117,Mrs. Brown,0.074,0.803,0.123,1.0
118,Mulholland Drive,0.086,0.811,0.104,0.9999
119,My Best Friend's Wedding,0.096,0.743,0.161,1.0
120,My Girl,0.086,0.782,0.133,1.0
121,Natural Born Killers,0.117,0.772,0.111,-0.9999
122,Never Been Kissed,0.158,0.58,0.261,0.1068
123,"Next Three Days, The",0.086,0.838,0.076,-0.9998
124,Nine,0.086,0.777,0.137,1.0
125,Ninotchka,0.065,0.767,0.167,1.0
126,No Strings Attached,0.097,0.746,0.157,1.0
127,Notting Hill,0.088,0.748,0.164,1.0
128,"Other Boleyn Girl, The",0.094,0.772,0.135,1.0
129,Out of Sight,0.077,0.834,0.089,0.9999
130,Passengers,0.08,0.82,0.1,1.0
131,Pearl Harbor,0.0,1.0,0.0,0.0
132,"Perks of Being a Wallflower, The",0.087,0.755,0.158,1.0
133,"Piano, The",0.093,0.803,0.104,0.9999
134,Platinum Blonde,0.08,0.786,0.134,1.0
135,Pretty Woman (final script),0.045,0.827,0.128,1.0
136,Pretty Woman,0.073,0.779,0.148,1.0
137,Pride and Prejudice,0.085,0.757,0.159,1.0
138,"Princess Bride, The",0.148,0.724,0.128,-0.9999
139,"Proposal, The",0.092,0.768,0.14,1.0
140,Punch Drunk Love,0.052,0.71,0.239,0.8271
141,Rachel Getting Married,0.078,0.78,0.142,1.0
142,"Reader, The",0.084,0.82,0.096,0.9997
143,Remember Me,0.082,0.795,0.123,1.0
144,Revolutionary Road,0.08,0.778,0.142,1.0
145,Rocky,0.107,0.762,0.131,1.0
146,Runaway Bride,0.073,0.797,0.13,1.0
147,Rust and Bone,0.083,0.819,0.099,0.9999
148,"Saint, The",0.0,0.921,0.079,0.8807
149,Save the Last Dance,0.094,0.791,0.115,1.0
150,Sense and Sensibility,0.095,0.761,0.144,1.0
151,"Sessions, The",0.074,0.788,0.138,1.0
152,Sex and the City,0.052,0.803,0.145,1.0
153,Shakespeare in Love,0.091,0.776,0.133,1.0
154,She's Out of My League,0.099,0.741,0.16,1.0
155,"Shipping News, The",0.087,0.775,0.138,1.0
156,Shrek,0.088,0.749,0.163,1.0
157,Silver Linings Playbook,0.088,0.773,0.139,1.0
158,Sleepless in Seattle,0.073,0.813,0.114,1.0
159,Slumdog Millionaire,0.078,0.816,0.106,1.0
160,So I Married an Axe Murderer,0.091,0.765,0.144,1.0
161,Solaris,0.116,0.791,0.093,-0.9999
162,Something's Gotta Give,0.081,0.766,0.154,1.0
163,Spanglish,0.087,0.771,0.143,1.0
164,St. Elmo's Fire,0.095,0.776,0.128,1.0
165,Starman,0.073,0.851,0.075,0.999
166,"Stuntman, The",0.129,0.763,0.108,-1.0
167,Tall in the Saddle,0.093,0.821,0.085,-0.9984
168,Tamara Drewe,0.1,0.776,0.124,1.0
169,Terminator,0.117,0.814,0.068,-1.0
170,"Theory of Everything, The",0.07,0.798,0.132,1.0
171,There's Something About Mary,0.0,0.854,0.146,0.3818
172,"Things My Father Never Taught Me, The",0.073,0.758,0.169,0.9996
173,"Three Musketeers, The",0.107,0.759,0.133,1.0
174,Tin Cup,0.088,0.797,0.115,1.0
175,Titanic,0.083,0.81,0.107,1.0
176,Tristan and Isolde,0.11,0.764,0.126,0.9995
177,True Lies,0.088,0.821,0.091,0.9764
178,True Romance,0.0,0.892,0.108,0.9485
179,Twilight,0.0,0.0,0.0,0.0
180,Twilight,0.097,0.783,0.12,1.0
181,"Ugly Truth, The",0.104,0.737,0.159,1.0
182,Up in the Air,0.075,0.796,0.128,1.0
183,Vanilla Sky,0.096,0.747,0.157,1.0
184,"Visitor, The",0.073,0.807,0.12,1.0
185,"Walk to Remember, A",0.087,0.785,0.128,1.0
186,Wall E,0.094,0.819,0.087,-0.9986
187,Water for Elephants,0.092,0.779,0.13,1.0
188,White Christmas,0.052,0.815,0.132,1.0
189,Wild At Heart,0.104,0.791,0.105,0.9981
190,Witness,0.085,0.827,0.088,0.9981
191,Yes Man,0.081,0.762,0.158,1.0
192,You've Got Mail,0.0,1.0,0.0,0.0
193,Youth in Revolt,0.083,0.809,0.109,1.0
194,Zerophilia,0.094,0.76,0.146,1.0
